{
    "10034-85-2": {
        "Tmax": 240.0, 
        "Tmin": 220.0, 
        "coefficients": [
            2.444267011014746e-20, 
            -5.139852987667838e-17, 
            4.826954835834841e-14, 
            -2.6642807480214977e-11, 
            9.573781896765613e-09, 
            -2.3484642943785165e-06, 
            0.0004050468809226127, 
            -0.05322501816844709, 
            -2.402729756223624
        ], 
        "error_average": 2.040021346502199e-15, 
        "error_std": 1.6990334190586352e-15, 
        "max_error": 7.549516567451064e-15, 
        "method": "VISWANATH_NATARAJAN_2E"
    }, 
    "10035-10-6": {
        "Tmax": 200.0, 
        "Tmin": 180.0, 
        "coefficients": [
            7.972289495228327e-20, 
            -1.3846204183209924e-16, 
            1.0738558486877995e-13, 
            -4.894320728254799e-11, 
            1.452053166497436e-08, 
            -2.9404667570838152e-06, 
            0.00041861774378611607, 
            -0.04539989433355851, 
            -4.090726777364891
        ], 
        "error_average": 2.066876765955156e-15, 
        "error_std": 1.5119729379988688e-15, 
        "max_error": 6.217248937900877e-15, 
        "method": "VISWANATH_NATARAJAN_2E"
    }, 
    "109-73-9": {
        "Tmax": 360.0, 
        "Tmin": 270.0, 
        "coefficients": [
            -1.338471314815382e-28, 
            5.100738710436613e-25, 
            -8.91605372984713e-22, 
            9.458682274799922e-19, 
            -6.789027766475551e-16, 
            3.478621001713427e-13, 
            -1.3082229983985062e-10, 
            3.6570007139922353e-08, 
            -7.625393132416151e-06, 
            0.0011913168911398644, 
            -0.14874710874415867, 
            5.084028336552651
        ], 
        "error_average": 8.184766481771374e-14, 
        "error_std": 4.123413058954092e-14, 
        "max_error": 2.0039525594484076e-13, 
        "method": "VISWANATH_NATARAJAN_2E"
    }, 
    "110-58-7": {
        "Tmax": 360.0, 
        "Tmin": 270.0, 
        "coefficients": [
            -1.390036589970409e-28, 
            5.297408298904682e-25, 
            -9.26006493623411e-22, 
            9.823828228630568e-19, 
            -7.051219987502746e-16, 
            3.613001545636979e-13, 
            -1.3587669417623659e-10, 
            3.798290825950464e-08, 
            -7.919964143068724e-06, 
            0.0012373253967124676, 
            -0.15448939477996773, 
            5.769789884510595
        ], 
        "error_average": 3.097637766532516e-14, 
        "error_std": 2.7846919865528206e-14, 
        "max_error": 1.4654943925052066e-13, 
        "method": "VISWANATH_NATARAJAN_2E"
    }, 
    "111-26-2": {
        "Tmax": 380.0, 
        "Tmin": 270.0, 
        "coefficients": [
            2.991220580898594e-31, 
            -1.2729001194159785e-27, 
            2.5000550339972533e-24, 
            -3.001975538297337e-21, 
            2.460270713903962e-18, 
            -1.4546314891042116e-15, 
            6.393232048025965e-13, 
            -2.1205234585412608e-10, 
            5.334997820081105e-08, 
            -1.0167250477637058e-05, 
            0.0014694005172597015, 
            -0.17137289685161944, 
            6.861643182929459
        ], 
        "error_average": 6.614697878159703e-14, 
        "error_std": 5.79491174284178e-14, 
        "max_error": 3.0886404545071855e-13, 
        "method": "VISWANATH_NATARAJAN_2E"
    }, 
    "2307-17-7": {
        "Tmax": 370.0, 
        "Tmin": 300.0, 
        "coefficients": [
            3.037881881880537e-26, 
            -1.13074347631183e-22, 
            1.9165082491823823e-19, 
            -1.9543319341790898e-16, 
            1.3343049884690995e-13, 
            -6.421465927564492e-11, 
            2.2342094046488827e-08, 
            -5.682371179921876e-06, 
            0.0010663532367055253, 
            -0.15801974163024357, 
            10.048646502000349
        ], 
        "error_average": 3.7774834587221886e-14, 
        "error_std": 2.2529578632411644e-14, 
        "max_error": 1.0591527654923993e-13, 
        "method": "VISWANATH_NATARAJAN_2E"
    }, 
    "28488-34-8": {
        "Tmax": 420.0, 
        "Tmin": 270.0, 
        "coefficients": [
            -2.817614435719741e-34, 
            1.369037604594014e-30, 
            -3.0855459217466766e-27, 
            4.276772608601411e-24, 
            -4.074478426121579e-21, 
            2.8241599501955986e-18, 
            -1.4700837037389583e-15, 
            5.847055463976328e-13, 
            -1.7904048114797144e-10, 
            4.221635828995278e-08, 
            -7.629390943935706e-06, 
            0.0010554478060750177, 
            -0.118729352189753, 
            1.4926182636802778
        ], 
        "error_average": 5.760372880955622e-14, 
        "error_std": 5.1195608529922615e-14, 
        "max_error": 2.6778579353958776e-13, 
        "method": "VISWANATH_NATARAJAN_2E"
    }, 
    "37340-18-4": {
        "Tmax": 320.0, 
        "Tmin": 290.0, 
        "coefficients": [
            9.185050897648867e-21, 
            -2.561234669625586e-17, 
            3.189213875588238e-14, 
            -2.333715361525173e-11, 
            1.1116151676102126e-08, 
            -3.6141260493024833e-06, 
            0.0008260726162093432, 
            -0.14383593893557012, 
            8.301723565997793
        ], 
        "error_average": 7.247757378162089e-15, 
        "error_std": 5.0992096373505195e-15, 
        "max_error": 2.7200464103316335e-14, 
        "method": "VISWANATH_NATARAJAN_2E"
    }, 
    "60-29-7": {
        "Tmax": 410.0, 
        "Tmin": 270.0, 
        "coefficients": [
            1.0642365373738903e-31, 
            -4.736462040654501e-28, 
            9.723540746778153e-25, 
            -1.2196629489057876e-21, 
            1.0435513830772293e-18, 
            -6.437550258957737e-16, 
            2.9502682999710465e-13, 
            -1.019747634930767e-10, 
            2.67193806713689e-08, 
            -5.299942187800083e-06, 
            0.0007967379568820528, 
            -0.09659551720217921, 
            -0.38330011194580393
        ], 
        "error_average": 9.801314039515232e-14, 
        "error_std": 7.256613426707193e-14, 
        "max_error": 3.097522238704187e-13, 
        "method": "VISWANATH_NATARAJAN_2E"
    }, 
    "64-19-7": {
        "Tmax": 390.0, 
        "Tmin": 270.0, 
        "coefficients": [
            2.0222299142090117e-31, 
            -8.736409263871112e-28, 
            1.7416687859691684e-24, 
            -2.1223676961881843e-21, 
            1.7648725924271554e-18, 
            -1.0585695268478016e-15, 
            4.7189056065896e-13, 
            -1.5872173188640834e-10, 
            4.0487203997713735e-08, 
            -7.821584982825816e-06, 
            0.0011456618096583457, 
            -0.13539436180247422, 
            4.2009230414802605
        ], 
        "error_average": 6.614234048778207e-14, 
        "error_std": 6.277656763291495e-14, 
        "max_error": 3.3306690738754696e-13, 
        "method": "VISWANATH_NATARAJAN_2E"
    }, 
    "75-07-0": {
        "Tmax": 300.0, 
        "Tmin": 270.0, 
        "coefficients": [
            7.62971930888309e-21, 
            -1.987747039567555e-17, 
            2.3124406196022748e-14, 
            -1.5808857945299724e-11, 
            7.03498582485152e-09, 
            -2.136774587581703e-06, 
            0.0004562583373694353, 
            -0.07421432055227756, 
            -1.1510578877459299
        ], 
        "error_average": 3.2008204309412867e-15, 
        "error_std": 2.163209555385251e-15, 
        "max_error": 8.43769498715119e-15, 
        "method": "VISWANATH_NATARAJAN_2E"
    }, 
    "75-25-2": {
        "Tmax": 350.0, 
        "Tmin": 280.0,