{
    "1003-09-4": {
        "Tmax": 298.8, 
        "Tmin": 209.2, 
        "coefficients": [
            3.0611646273373974e-30, 
            -7.961521488810046e-27, 
            9.738142591821079e-24, 
            -7.299405137544827e-21, 
            3.726749293401463e-18, 
            -1.3579511224289261e-15, 
            3.630770084961419e-13, 
            -7.086176484784548e-11, 
            1.0414515573390068e-08, 
            -9.213705625513613e-07, 
            0.00011967742279579151, 
            0.007950544661522289, 
            130.23458838813474
        ], 
        "error_average": 5.006302778755795e-16, 
        "error_std": 3.9286597030188144e-16, 
        "max_error": 1.5543122344752192e-15, 
        "method": "Zabransky quasipolynomial, saturation"
    }, 
    "105728-23-2": {
        "Tmax": 440.3, 
        "Tmin": 328.9, 
        "coefficients": [
            1.7181836795860274e-26, 
            -6.71157268387283e-23, 
            1.1998448183328903e-19, 
            -1.293188525334462e-16, 
            9.3265289114247e-14, 
            -4.7220621276527754e-11, 
            1.7117477889218715e-08, 
            -4.440241134223356e-06, 
            0.000807699253796115, 
            -0.09790700280444006, 
            7.393613193386804, 
            -74.7065051242115
        ], 
        "error_average": 8.848940937683446e-14, 
        "error_std": 6.005868981947031e-14, 
        "max_error": 2.440270208126094e-13, 
        "method": "Zabransky quasipolynomial, saturation"
    }, 
    "106-46-7": {
        "Tmax": 397.3, 
        "Tmin": 332.8, 
        "coefficients": [
            -7.174212176966124e-26, 
            2.289728284224424e-22, 
            -3.3649736495592894e-19, 
            2.9670936172740694e-16, 
            -1.7348101325572866e-13, 
            6.99886499516048e-11, 
            -1.9780229578393013e-08, 
            3.807524848564593e-06, 
            -0.0005233362142300021, 
            0.3197988342531348, 
            88.750907950943
        ], 
        "error_average": 3.545598384499216e-16, 
        "error_std": 2.7441055713639957e-16, 
        "max_error": 9.992007221626409e-16, 
        "method": "Zabransky quasipolynomial, saturation"
    }, 
    "107-88-0": {
        "Tmax": 670.0, 
        "Tmin": 285.1, 
        "coefficients": [
            1.4772659103587243e-32, 
            -1.0994415383187073e-28, 
            3.814011035558411e-25, 
            -8.185753313777587e-22, 
            1.2164707837590232e-18, 
            -1.327189562329439e-15, 
            1.0995827107857722e-12, 
            -7.056554157682859e-10, 
            3.54483543032302e-07, 
            -0.00013985060973773948, 
            0.0431855355362478, 
            -10.328005943803525, 
            1875.256588877944, 
            -249898.96713566798, 
            23050266.741801716, 
            -1314823084.401382, 
            34941472420.39959
        ], 
        "error_average": 0.0036806811291809943, 
        "error_std": 0.00302627305666424, 
        "max_error": 0.014230371935233466, 
        "method": "Zabransky quasipolynomial, saturation"
    }, 
    "112-92-5": {
        "Tmax": 623.0, 
        "Tmin": 353.0, 
        "coefficients": [
            7.071278016017528e-32, 
            -4.622278684263224e-28, 
            1.4009363182185842e-24, 
            -2.608910241990326e-21, 
            3.334517992924886e-18, 
            -3.0938895242165585e-15, 
            2.1487565435264815e-12, 
            -1.1346862751579725e-09, 
            4.577707422607321e-07, 
            -0.00014039628800177124, 
            0.032220376605853814, 
            -5.365157109346823, 
            612.7043463163786, 
            -42945.78201688876, 
            1393722.4455817237
        ], 
        "error_average": 3.6701184530635888e-09, 
        "error_std": 3.5382405040328625e-09, 
        "max_error": 1.7227241522199677e-08, 
        "method": "Zabransky quasipolynomial, saturation"
    }, 
    "135-98-8": {
        "Tmax": 640.0, 
        "Tmin": 288.1, 
        "coefficients": [
            4.325415926671083e-33, 
            -3.129936396207889e-29, 
            1.0564496538021416e-25, 
            -2.2077271376863746e-22, 
            3.196917832638218e-19, 
            -3.401224866607308e-16, 
            2.7500358886274824e-13, 
            -1.723661868040463e-10, 
            8.463501187697321e-08, 
            -3.2663498223132e-05, 
            0.009874932374120255, 
            -2.3140115280210924, 
            412.02203511314974, 
            -53888.15117767792, 
            4882387.41829374, 
            -273784306.0792784, 
            7158517506.787309
        ], 
        "error_average": 0.00022592839455120472, 
        "error_std": 0.00018499103761619943, 
        "max_error": 0.0009070185735537972, 
        "method": "Zabransky quasipolynomial, saturation"
    }, 
    "16587-33-0": {
        "Tmax": 600.0, 
        "Tmin": 282.3, 
        "coefficients": [
            1.7240305156868458e-38, 
            -1.0850176570429599e-34, 
            3.1766221342561652e-31, 
            -5.738475898358462e-28, 
            7.152170008720716e-25, 
            -6.51369014940312e-22, 
            4.4774220229439e-19, 
            -2.3651337608144094e-16, 
            9.678755267845936e-14, 
            -3.068160006100255e-11, 
            7.471785195102879e-09, 
            -1.372770752641463e-06, 
            0.00018416122341734505, 
            -0.01674949630910341, 
            1.3234207091613976, 
            112.93182859893463
        ], 
        "error_average": 8.123690093893074e-13, 
        "error_std": 5.095920139303107e-13, 
        "max_error": 2.2840618285613346e-12, 
        "method": "Zabransky quasipolynomial, saturation"
    }, 
    "582-16-1": {
        "Tmax": 700.0, 
        "Tmin": 372.6, 
        "coefficients": [
            -3.7485052756523875e-34, 
            2.7195149413723554e-30, 
            -9.133095466879242e-27, 
            1.881752560511381e-23, 
            -2.6571675569712278e-20, 
            2.7200917388901065e-17, 
            -2.0815909379627463e-14, 
            1.2096843762791667e-11, 
            -5.36426366777581e-09, 
            1.8062503435112119e-06, 
            -0.0004545928250802952, 
            0.08292185324413795, 
            -10.362965114487002, 
            794.6802782034154, 
            -28050.105069703004
        ], 
        "error_average": 4.4554937568270477e-10, 
        "error_std": 2.7251253230053624e-10, 
        "max_error": 1.0743288481052105e-09, 
        "method": "Zabransky quasipolynomial, saturation"
    }, 
    "608-93-5": {
        "Tmax": 436.9, 
        "Tmin": 367.5, 
        "coefficients": [
            3.4352893089210265e-25, 
            -1.2459971478020295e-21, 
            2.0617957738486444e-18, 
            -2.0393961646236635e-15, 
            1.3329983769839712e-12, 
            -6.005179727683514e-10, 
            1.887854380729945e-07, 
            -4.0780643261162746e-05, 
            0.005851621948760972, 
            -0.42505180421962063, 
            239.32065111661927
        ], 
        "error_average": 2.4822663032026044e-15, 
        "error_std": 1.1731016737712215e-15, 
        "max_error": 7.105427357601002e-15, 
        "method": "Zabransky quasipolynomial, saturation"
    }, 
    "6196-85-6": {
        "Tmax": 306.4, 
        "Tmin": 189.2, 
        "coefficients": [
            2.231522592198329e-31, 
            -6.492370173295894e-28, 
            8.806696985825586e-25, 
            -7.345607400284267e-22, 
            4.1959217275356746e-19, 
            -1.730913077608951e-16, 
            5.301185057172221e-14, 
            -1.2193146013615689e-11, 
            2.1064107252516124e-09, 
            -2.692269377592206e-07, 
            2.5022880383057897e-05, 
            -0.0014579652227407333, 
            0.12515471222401434, 
            140.10376865401346
        ], 
        "error_average": 2.9321155579820548e-15,