{
  "7726-95-6": {
    "HeatCapacityLiquid": {
      "DIPPR100_parameters": {
        "New Fit": {
          "A": 42.572586349956595,
          "B": -0.15717769838646128,
          "C": 0.0002517527573489139,
          "D": 0.0,
          "E": 0.0,
          "F": 0.0,
          "G": 0.0,
          "Tmax": 300.0,
          "Tmin": 265.9
        }
      }
    },
    "HeatCapacitySolid": {
      "DIPPR100_parameters": {
        "New Fit": {
          "A": -4.397098967254554,
          "B": 0.5130215631842603,
          "C": -0.008164309287815126,
          "D": 0.00007250655282089659,
          "E": -3.538022834835638e-7,
          "F": 8.891530805012442e-10,
          "G": -8.953197146893221e-13,
          "Tmax": 265.9,
          "Tmin": 15.0
        }
      }
    }
  }
}
