{
  "7439-97-6": {
    "ViscosityLiquid": {
      "DIPPR101_parameters": {
        "Fit 2023": {
          "A": -7.535066643427367,
          "B": 306.96417165168845,
          "C": 0.005280977032613516,
          "D": -1.3891015847216728e23,
          "E": -10.886478608987547,
          "Tmax": 600.0,
          "Tmin": 250.0
        }
      }
    },
    "VolumeLiquid": {
      "DIPPR100_parameters": {
        "Fit 2023": {
          "A": 0.000014024854425729855,
          "B": 2.6352399586199198e-9,
          "C": 4.838350119549306e-13,
          "D": -2.5734888584963228e-15,
          "E": 6.393093474304165e-18,
          "F": -7.014353224365168e-21,
          "G": 3.266494647063079e-24,
          "Tmax": 573.15,
          "Tmin": 253.15
        }
      }
    }
  },
  "7440-21-3": {
    "ViscosityLiquid": {
      "DIPPR101_parameters": {
        "Fit 2023": {
          "A": -13.280631372598329,
          "B": 4171.701335236736,
          "C": 0.4268099300275538,
          "D": 0.24159533403596867,
          "E": 0.000010387331468965876,
          "Tmax": 1900.0,
          "Tmin": 1700.0
        }
      }
    },
    "VolumeLiquid": {
      "DIPPR100_parameters": {
        "Fit 2023": {
          "A": -0.0015655632331517458,
          "B": 3.723282892098672e-6,
          "C": -3.1507688806187297e-9,
          "D": 9.12574852756661e-13,
          "E": 1.8160156724260967e-16,
          "F": -1.5858462759067717e-19,
          "G": 2.503033799166717e-23,
          "Tmax": 2000.0,
          "Tmin": 1700.0
        }
      }
    }
  },
  "7440-28-0": {
    "ViscosityLiquid": {
      "DIPPR101_parameters": {
        "Fit 2023": {
          "A": -7.983996053901647,
          "B": 970.0477216122204,
          "C": 0.05812922628354388,
          "D": -0.0000176856712623538,
          "E": 1.1195461619152776,
          "Tmax": 800.0,
          "Tmin": 600.0
        }
      }
    },
    "VolumeLiquid": {
      "DIPPR100_parameters": {
        "Fit 2023": {
          "A": 0.00001713906250927189,
          "B": 1.7246716517926573e-9,
          "C": 1.7359943844224237e-13,
          "D": 1.7379803040278052e-17,
          "E": 1.848164433866647e-21,
          "F": 1.2069608665809786e-25,
          "G": 3.568571948088868e-29,
          "Tmax": 1200.0,
          "Tmin": 600.0
        }
      }
    }
  },
  "7440-43-9": {
    "ViscosityLiquid": {
      "DIPPR101_parameters": {
        "Fit 2023": {
          "A": -246.88373074232126,
          "B": 12924.088601502268,
          "C": 38.38829534086249,
          "D": -0.23848211948655776,
          "E": 0.7341887233390216,
          "Tmax": 900.0,
          "Tmin": 600.0
        }
      }
    },
    "VolumeLiquid": {
      "DIPPR100_parameters": {
        "Fit 2023": {
          "A": -0.0004031637396174959,
          "B": 3.3887629150986653e-6,
          "C": -1.1443588477709073e-8,
          "D": 2.0541106109656325e-11,
          "E": -2.065829295200051e-14,
          "F": 1.1037640168932581e-17,
          "G": -2.4477793062303692e-21,
          "Tmax": 900.0,
          "Tmin": 600.0
        }
      }
    }
  },
  "7440-48-4": {
    "ViscosityLiquid": {
      "DIPPR101_parameters": {
        "Fit 2023": {
          "A": -10.334069697522764,
          "B": 6394.239051017725,
          "C": -0.03492530476193192,
          "D": 1.6688182533664897,
          "E": -0.0015659276954346141,
          "Tmax": 2100.0,
          "Tmin": 1800.0
        }
      }
    },
    "VolumeLiquid": {
      "DIPPR100_parameters": {
        "Fit 2023": {
          "A": -0.00012237527783820208,
          "B": 3.640189659325996e-7,
          "C": -4.2683240423721113e-10,
          "D": 2.668277081376741e-13,
          "E": -9.359189054585145e-17,
          "F": 1.7469283710838493e-20,
          "G": -1.3555817268597066e-24,
          "Tmax": 2500.0,
          "Tmin": 1800.0
        }
      }
    }
  },
  "7440-55-3": {
    "ViscosityLiquid": {
      "DIPPR101_parameters": {
        "Fit 2023": {
          "A": -7.8413970728717795,
          "B": 458.2133117762985,
          "C": -0.012352375724320908,
          "D": 886.0898783301415,
          "E": -1.9287262095404085,
          "Tmax": 800.0,
          "Tmin": 350.0
        }
      }
    },
    "VolumeLiquid": {
      "DIPPR100_parameters": {
        "Fit 2023": {
          "A": 0.000011215451334128222,
          "B": 4.347169592690242e-10,
          "C": 2.1503788794333643e-12,
          "D": -3.2148516807838065e-15,
          "E": 2.7147151853021993e-18,
          "F": -1.1613253714413898e-21,
          "G": 1.9860019299807256e-25,
          "Tmax": 1500.0,
          "Tmin": 350.0
        }
      }
    }
  },
  "7440-66-6": {
    "ViscosityLiquid": {
      "DIPPR101_parameters": {
        "Fit 2023": {
          "A": -8.32196710269051,
          "B": 1496.2203452895642,
          "C": 0.09511176828135659,
          "D": -8.936528843835765e-6,
          "E": 1.2289888326627303,
          "Tmax": 1100.0,
          "Tmin": 700.0
        }
      }
    },
    "VolumeLiquid": {
      "DIPPR100_parameters": {
        "Fit 2023": {
          "A": -8.585553140413102e-6,
          "B": 1.0600594895824291e-7,
          "C": -2.4794555825940424e-10,
          "D": 2.928945924810825e-13,
          "E": -1.7257768472152563e-16,
          "F": 4.0607360136352324e-20,
          "Tmax": 950.0,
          "Tmin": 700.0
        }
      }
    }
  },
  "7440-74-6": {
    "ViscosityLiquid": {
      "DIPPR101_parameters": {
        "Fit 2023": {
          "A": -7.613043223461889,
          "B": 631.0285185933312,
          "C": 0.06034198121110602,
          "D": -0.27304787849997636,
          "E": 0.10133310566850526,
          "Tmax": 1000.0,
          "Tmin": 450.0
        }
      }
    },
    "VolumeLiquid": {
      "DIPPR100_parameters": {
        "Fit 2023": {
          "A": 0.000013717118234502327,
          "B": 1.759116410104581e-8,
          "C": -5.4791797680210524e-11,
          "D": 9.947579329557845e-14,
          "E": -9.983289653092501e-17,
          "F": 5.2689257034651334e-20,
          "G": -1.1418436270648425e-23,
          "Tmax": 1100.0,
          "Tmin": 450.0
        }
      }
    }
  }
}