{
  "7440-21-3": {
    "HeatCapacityGas": {
      "stable_polynomial_parameters": {
        "JANAF_FIT": {
          "Tmax": 6000.0,
          "Tmin": 0.0,
          "coeffs": [
            -590330.3294568578,
            380852.235513875,
            3153337.6286182203,
            -1946762.0065140724,
            -7347469.089951948,
            4312657.449529184,
            9802888.283354852,
            -5426940.129647997,
            -8264099.348054104,
            4271845.343789995,
            4582735.4636527905,
            -2183266.0021710144,
            -1687220.5220542357,
            728054.4443167672,
            406603.1290012107,
            -155116.7529565098,
            -61687.61241245092,
            20076.738000521942,
            5475.77766349638,
            -1439.844786304846,
            -245.75872182977662,
            48.867772036208066,
            1.1399788114499088,
            1.22365818907325,
            22.806397926615233
          ],
          "int_T_coeffs": [
            -24597.097060702406,
            42225.328911770994,
            99188.86652943125,
            -196615.0985791219,
            -160927.60098951941,
            396379.4457536617,
            126204.37855751556,
            -452859.9378637222,
            -35342.525273176645,
            322488.3832107214,
            -18185.02032200218,
            -148359.6705894603,
            20121.26630072902,
            44236.295337092626,
            -7999.611970680824,
            -8346.737027744617,
            1679.127604656329,
            949.1024518959015,
            -194.65658329582175,
            -54.381057305983084,
            6.536641175034703,
            7.573735778689752,
            -10.790614262309674,
            22.804886713692596,
            130.23635041241968
          ],
          "int_T_log_coeff": 0.0015112129226360071
        }
      }
    },
    "HeatCapacityLiquid": {
      "stable_polynomial_parameters": {
        "JANAF_FIT": {
          "Tmax": 4500.0,
          "Tmin": 298.15,
          "coeffs": [
            27.196
          ],
          "int_T_coeffs": [
            0.0
          ],
          "int_T_log_coeff": 27.196
        }
      }
    },
    "HeatCapacitySolid": {
      "stable_polynomial_parameters": {
        "JANAF_FIT": {
          "Tmax": 2500.0,
          "Tmin": 0.0,
          "coeffs": [
            396775.01085702627,
            136388.84755743385,
            -1853202.103036113,
            -617292.7985268924,
            3725500.7651063944,
            1193001.6853428797,
            -4233197.227052135,
            -1289380.8166502076,
            3002876.165574064,
            856987.9736859505,
            -1386261.8820440636,
            -362655.18435491755,
            421002.23982099193,
            97747.83514671223,
            -82978.06358016467,
            -16283.393037596828,
            10152.506024721508,
            1571.1954099205977,
            -696.0534742129217,
            -77.65871305008363,
            17.866406576821625,
            3.433123774736,
            -0.31327523492896203,
            5.198516011552999,
            27.40617213202511
          ],
          "int_T_coeffs": [
            16532.292119042762,
            -11321.137534764888,
            -72400.7245334782,
            46453.4829147442,
            137498.88119483832,
            -81946.10202915192,
            -148678.96047212495,
            81578.8512851789,
            101002.23085787642,
            -50603.18133600481,
            -44801.01157171367,
            20350.690588390302,
            13036.938514326503,
            -5335.947911382346,
            -2428.2636554958867,
            888.8048352624487,
            269.15781341993375,
            -83.15244249126746,
            -18.997729462341585,
            7.265532744793177,
            -4.615314286786065,
            7.298126973960087,
            -11.10382807840461,
            27.40617216836222,
            28.454806804055313
          ],
          "int_T_log_coeff": -3.633711154193975e-8
        }
      }
    }
  },
  "7440-44-0": {
    "HeatCapacityGas": {
      "stable_polynomial_parameters": {
        "JANAF_FIT": {
          "Tmax": 6000.0,
          "Tmin": 0.0,
          "coeffs": [
            -348893.5964539343,
            223669.87131726346,
            1867257.3578047014,
            -1145153.3032701525,
            -4360094.181072897,
            2541461.434502031,
            5830794.292005721,
            -3204406.6432974474,
            -4928280.677328051,
            2527625.114979258,
            2740956.5129748923,
            -1294613.4861036488,
            -1012646.4561447139,
            432655.9045769237,
            245106.18964922367,
            -92380.84647777666,
            -37404.53432566447,
            11982.311500027128,
            3343.885961885267,
            -856.4641588745183,
            -151.70795077971547,
            25.583836015731535,
            2.892491905704898,
            2.112495261968327,
            21.613204615401138
          ],
          "int_T_coeffs": [
            -14537.233185580597,
            24894.063816139034,
            58849.72227425017,
            -116183.19968112648,
            -96012.34938846205,
            234826.75906690906,
            76060.32609635824,
            -269028.9713548174,
            -22174.260268509715,
            192160.88528502756,
            -10104.054735751499,
            -88704.36306177906,
            11709.188638201158,
            26558.694628955436,
            -4703.945126928613,
            -5037.932800943392,
            992.1076103532578,
            577.9215167430094,
            -116.92744255263317,
            -30.97990071174386,
            0.7978881947509535,
            7.464094412242574,
            -9.749895665511412,
            21.61228659299115,
            108.33143149431244
          ],
          "int_T_log_coeff": 0.0009180224099876177
        }
      }
    },
    "HeatCapacitySolid": {
      "stable_polynomial_parameters": {
        "JANAF_FIT": {
          "Tmax": 6000.0,
          "Tmin": 0.0,
          "coeffs": [
            -26319.53985875347,
            2757.505882293893,
            156328.64872233363,
            -20652.75512286523,
            -402773.5236563111,
            62057.217180085354,
            590396.0026851341,
            -100600.32352615758,
            -542884.4563651633,
            98028.65478629209,
            325879.8562962778,
            -60014.290941069834,
            -128925.55773883214,
            23323.265389597425,
            33158.41780992667,
            -5646.694437882169,
            -5343.487093436407,
            815.6787610123101,
            498.7625764981326,
            -60.9081136439019,
            -25.985050059566213,
            3.7933410510509074,
            -0.7748916053196258,
            3.8296848013428137,
            26.609640777224
          ],
          "int_T_coeffs": [
            -1096.6474941147278,
            1264.2193800455375,
            5784.163771876649,
            -7043.064671626262,
            -12743.45827760798,
            16680.33593327605,
            15192.756664049395,
            -22004.114322296864,
            -10550.90705538229,
            17789.544511493914,
            4216.906330276362,
            -9157.767658841454,
            -822.8815144911036,
            3017.985778499152,
            -3.942575356399675,
            -623.0298538131302,
            32.972698860220646,
            78.84245287579213,
            -8.85576560540206,
            -1.5547040022979075,
            -4.552882512019169,
            7.334957033042527,
            -11.389881352223604,
            26.609447505790023,
            51.17723150879015
          ],
          "int_T_log_coeff": 0.00019327143397962487
        }
      }
    }
  }
}
