{
  "7440-44-0": {
    "HeatCapacityGas": {
      "stable_polynomial_parameters": {
        "JANAF_FIT": {
          "Tmax": 6000.0,
          "Tmin": 0.0,
          "coeffs": [
            -348893.5964539343,
            223669.87131726346,
            1867257.3578047014,
            -1145153.3032701525,
            -4360094.181072897,
            2541461.434502031,
            5830794.292005721,
            -3204406.6432974474,
            -4928280.677328051,
            2527625.114979258,
            2740956.5129748923,
            -1294613.4861036488,
            -1012646.4561447139,
            432655.9045769237,
            245106.18964922367,
            -92380.84647777666,
            -37404.53432566447,
            11982.311500027128,
            3343.885961885267,
            -856.4641588745183,
            -151.70795077971547,
            25.583836015731535,
            2.892491905704898,
            2.112495261968327,
            21.613204615401138
          ],
          "int_T_coeffs": [
            -14537.233185580597,
            24894.063816139034,
            58849.72227425017,
            -116183.19968112648,
            -96012.34938846205,
            234826.75906690906,
            76060.32609635824,
            -269028.9713548174,
            -22174.260268509715,
            192160.88528502756,
            -10104.054735751499,
            -88704.36306177906,
            11709.188638201158,
            26558.694628955436,
            -4703.945126928613,
            -5037.932800943392,
            992.1076103532578,
            577.9215167430094,
            -116.92744255263317,
            -30.97990071174386,
            0.7978881947509535,
            7.464094412242574,
            -9.749895665511412,
            21.61228659299115,
            108.33143149431244
          ],
          "int_T_log_coeff": 0.0009180224099876177
        }
      }
    },
    "HeatCapacitySolid": {
      "stable_polynomial_parameters": {
        "JANAF_FIT": {
          "Tmax": 6000.0,
          "Tmin": 0.0,
          "coeffs": [
            -26319.53985875347,
            2757.505882293893,
            156328.64872233363,
            -20652.75512286523,
            -402773.5236563111,
            62057.217180085354,
            590396.0026851341,
            -100600.32352615758,
            -542884.4563651633,
            98028.65478629209,
            325879.8562962778,
            -60014.290941069834,
            -128925.55773883214,
            23323.265389597425,
            33158.41780992667,
            -5646.694437882169,
            -5343.487093436407,
            815.6787610123101,
            498.7625764981326,
            -60.9081136439019,
            -25.985050059566213,
            3.7933410510509074,
            -0.7748916053196258,
            3.8296848013428137,
            26.609640777224
          ],
          "int_T_coeffs": [
            -1096.6474941147278,
            1264.2193800455375,
            5784.163771876649,
            -7043.064671626262,
            -12743.45827760798,
            16680.33593327605,
            15192.756664049395,
            -22004.114322296864,
            -10550.90705538229,
            17789.544511493914,
            4216.906330276362,
            -9157.767658841454,
            -822.8815144911036,
            3017.985778499152,
            -3.942575356399675,
            -623.0298538131302,
            32.972698860220646,
            78.84245287579213,
            -8.85576560540206,
            -1.5547040022979075,
            -4.552882512019169,
            7.334957033042527,
            -11.389881352223604,
            26.609447505790023,
            51.17723150879015
          ],
          "int_T_log_coeff": 0.00019327143397962487
        }
      }
    }
  }
}
