{"7722-84-1 7732-18-5": {"SurfaceTensionMixture": {"redlick_kister_parameters": {"fit 2023": {"coeffs": [[-0.001524469890834797, 1.0054473481826371], [0.011306977309368058, -3.260062182048661], [0.015341200351987746, -4.484565752157498], [-0.030368567453463967, 8.99609823333603]], "N_T": 2, "N_terms": 4}}}}}