{
  "12185-10-3": {
    "HeatCapacitySolid": {
      "DIPPR100_parameters": {
        "Fit 2023": {
          "A": -5.210649173608201,
          "B": 0.6994056399430265,
          "C": -0.011994893041881746,
          "D": 0.00010822398446506589,
          "E": -4.948269628417873e-7,
          "F": 1.1049369560526885e-9,
          "G": -9.604460735219274e-13,
          "Tmax": 313.12,
          "Tmin": 14.6
        }
      }
    }
  },
  "2099775000-00-0": {
    "HeatCapacitySolid": {
      "DIPPR100_parameters": {
        "Fit 2023": {
          "A": -0.7392773959313961,
          "B": 0.027680560995258653,
          "C": 0.001699481034400858,
          "D": -0.000014854463397779767,
          "E": 6.117581641039111e-8,
          "F": -1.3114259584306577e-10,
          "G": 1.1708466317557344e-13,
          "Tmax": 295.89,
          "Tmin": 17.7
        }
      }
    }
  },
  "2099796000-00-0": {
    "HeatCapacitySolid": {
      "DIPPR100_parameters": {
        "Fit 2023": {
          "A": -1.020321947853707,
          "B": 0.1058405841723556,
          "C": -0.0005760119466486017,
          "D": 0.000010198809619932473,
          "E": -7.056296668626218e-8,
          "F": 2.0254771351392928e-10,
          "G": -2.107615571191472e-13,
          "Tmax": 298.16,
          "Tmin": 15.0
        }
      }
    }
  },
  "2099814000-00-0": {
    "HeatCapacitySolid": {
      "DIPPR100_parameters": {
        "Fit 2023": {
          "A": -5.210649173608201,
          "B": 0.6994056399430265,
          "C": -0.011994893041881746,
          "D": 0.00010822398446506589,
          "E": -4.948269628417873e-7,
          "F": 1.1049369560526885e-9,
          "G": -9.604460735219274e-13,
          "Tmax": 313.12,
          "Tmin": 14.6
        }
      }
    }
  },
  "2099819000-00-0": {
    "HeatCapacitySolid": {
      "DIPPR100_parameters": {
        "Fit 2023": {
          "A": -5.210649173608201,
          "B": 0.6994056399430265,
          "C": -0.011994893041881746,
          "D": 0.00010822398446506589,
          "E": -4.948269628417873e-7,
          "F": 1.1049369560526885e-9,
          "G": -9.604460735219274e-13,
          "Tmax": 313.12,
          "Tmin": 14.6
        }
      }
    }
  },
  "7723-14-0": {
    "HeatCapacitySolid": {
      "DIPPR100_parameters": {
        "Fit 2023": {
          "A": -5.210649173608201,
          "B": 0.6994056399430265,
          "C": -0.011994893041881746,
          "D": 0.00010822398446506589,
          "E": -4.948269628417873e-7,
          "F": 1.1049369560526885e-9,
          "G": -9.604460735219274e-13,
          "Tmax": 313.12,
          "Tmin": 14.6
        }
      }
    }
  }
}
