{"metadata": {"symmetric": false, "source": "ChemSep", "T dependent": true, "P dependent": false, "type": "henry", "necessary keys": ["A", "B", "C", "D", "E", "F"], "components": 2, "missing": {"A": 0.0, "B": 0.0, "C": 0.0, "D": 0.0, "E": 0.0, "F": 0.0}}, "data": {"1333-74-0 7732-18-5": {"name": "Hydrogen/Water", "A": 86.3574, "B": -3537.84, "C": -8.78, "D": 0.0, "E": 0.0, "F": 0.0}, "7440-59-7 7732-18-5": {"name": "Helium/Water", "A": 289.66, "B": -9770.84, "C": -42.87, "D": 0.036, "E": 0.0, "F": 0.0}, "7440-37-1 7732-18-5": {"name": "Argon/Water", "A": 346.61, "B": -13108.2, "C": -51.46, "D": 0.042552, "E": 0.0, "F": 0.0}, "7440-01-9 7732-18-5": {"name": "Neon/Water", "A": 103.46, "B": 11211.0, "C": 0.00284, "D": -0.1431, "E": 0.0, "F": 0.0}, "7439-90-9 7732-18-5": {"name": "Krypton/Water", "A": 79.749, "B": -9428.0, "C": 0.00174, "D": -0.08892, "E": 0.0, "F": 0.0}, "7440-63-3 7732-18-5": {"name": "Xenon/Water", "A": 33.72, "B": -4417.0, "C": 2.25, "D": -0.03598, "E": 0.0, "F": 0.0}, "7782-44-7 7732-18-5": {"name": "Oxygen/Water", "A": 198.51, "B": -8544.73, "C": -26.35, "D": 0.0083538, "E": 0.0, "F": 0.0}, "7727-37-9 7732-18-5": {"name": "Nitrogen/Water", "A": 342.537, "B": -12592.8, "C": -50.99, "D": 0.036, "E": 0.0, "F": 0.0}, "7783-06-4 7732-18-5": {"name": "Hydrogen Sulfide/Water", "A": 34.202, "B": -3621.0, "C": 0.2111, "D": -0.01825, "E": 0.0, "F": 0.0}, "7664-41-7 7732-18-5": {"name": "Ammonia/Water", "A": -106.739, "B": -568.545, "C": 23.04, "D": -0.0375012, "E": 0.0, "F": 0.0}, "630-08-0 7732-18-5": {"name": "Carbon Monoxide/Water", "A": 182.354, "B": -8215.9, "C": -23.23, "D": 0.0, "E": 0.0, "F": 0.0}, "124-38-9 7732-18-5": {"name": "Carbon Dioxide/Water", "A": 138.746, "B": -7345.89, "C": -16.71, "D": 0.0, "E": 0.0, "F": 0.0}, "7446-09-5 7732-18-5": {"name": "Sulfur Dioxide/Water", "A": 62.9637, "B": -4575.53, "C": -5.69, "D": 0.0, "E": 0.0, "F": 0.0}, "10024-97-2 7732-18-5": {"name": "Nitrous Oxide/Water", "A": 170.148, "B": -8882.78, "C": -21.25, "D": 0.0, "E": 0.0, "F": 0.0}, "10102-43-9 7732-18-5": {"name": "Nitric Oxide/Water", "A": 179.405, "B": -8234.23, "C": -22.82, "D": 0.0, "E": 0.0, "F": 0.0}, "7782-50-5 7732-18-5": {"name": "Chlorine/Water", "A": 157.22, "B": -7895.62, "C": -19.8, "D": 0.0, "E": 0.0, "F": 0.0}, "7726-95-6 7732-18-5": {"name": "Bromine/Water", "A": 45.23, "B": -6428.0, "C": -0.00088, "D": -0.0261, "E": 0.0, "F": 0.0}, "7553-56-2 7732-18-5": {"name": "Iodine/Water", "A": 41.62, "B": -15231.0, "C": -0.00072, "D": -0.04806, "E": 0.0, "F": 0.0}, "74-82-8 7732-18-5": {"name": "Methane/Water", "A": 349.743, "B": -13282.1, "C": -51.9144, "D": 0.0425831, "E": 0.0, "F": 0.0}, "74-84-0 7732-18-5": {"name": "Ethane/Water", "A": 242.349, "B": -11974.5, "C": -31.66, "D": 0.0, "E": 0.0, "F": 0.0}, "74-98-6 7732-18-5": {"name": "Propane/Water", "A": 270.08, "B": -13364.1, "C": -35.67, "D": 0.0, "E": 0.0, "F": 0.0}, "106-97-8 7732-18-5": {"name": "n-Butane/Water", "A": 322.08, "B": -15992.3, "C": -43.2099, "D": 0.0, "E": 0.0, "F": 0.0}, "75-28-5 7732-18-5": {"name": "Isobutane/Water", "A": 230.954, "B": -11615.9, "C": -29.7431, "D": 0.0, "E": 0.0, "F": 0.0}, "78-79-5 7732-18-5": {"name": "Isopentane/Water", "A": 672.102, "B": -31585.9, "C": -95.3779, "D": 0.0, "E": 0.0, "F": 0.0}, "75-19-4 7732-18-5": {"name": "Cyclopropane/Water", "A": 209.466, "B": -10426.2, "C": -27.12, "D": 0.0, "E": 0.0, "F": 0.0}, "74-85-1 7732-18-5": {"name": "Ethylene/Water", "A": 220.65, "B": -10633.3, "C": -28.8, "D": 0.0, "E": 0.0, "F": 0.0}, "115-07-1 7732-18-5": {"name": "Propylene/Water", "A": 248.848, "B": -12631.2, "C": -32.63, "D": 0.0, "E": 0.0, "F": 0.0}, "106-98-9 7732-18-5": {"name": "1-Butene/Water", "A": 268.263, "B": -13624.8, "C": -35.3949, "D": 0.0, "E": 0.0, "F": 0.0}, "115-11-7 7732-18-5": {"name": "Isobutene/Water", "A": 250.946, "B": -12774.3, "C": -32.89, "D": 0.0, "E": 0.0, "F": 0.0}, "106-99-0 7732-18-5": {"name": "1,3-Butadiene/Water", "A": 236.825, "B": -12055.3, "C": -31.0, "D": 0.0, "E": 0.0, "F": 0.0}, "74-86-2 7732-18-5": {"name": "Acetylene/Water", "A": 168.039, "B": -8160.12, "C": -21.4, "D": 0.0, "E": 0.0, "F": 0.0}, "74-99-7 7732-18-5": {"name": "Methylacetylene/Water", "A": 139.799, "B": -7468.78, "C": -16.96, "D": 0.0, "E": 0.0, "F": 0.0}, "74-93-1 7732-18-5": {"name": "Methyl Mercaptan/Water", "A": 32.7625, "B": -1950.22, "C": -1.66, "D": 0.0, "E": 0.0, "F": 0.0}, "75-08-1 7732-18-5": {"name": "Ethyl Mercaptan/Water", "A": 253.621, "B": -12857.8, "C": -33.96, "D": 0.0, "E": 0.0, "F": 0.0}, "107-03-9 7732-18-5": {"name": "n-Propyl Mercaptan/Water", "A": 474.437, "B": -23765.0, "C": -66.25, "D": 0.0, "E": 0.0, "F": 0.0}, "110-02-1 7732-18-5": {"name": "Thiophene/Water", "A": 243.504, "B": -13517.1, "C": -31.89, "D": 0.0, "E": 0.0, "F": 0.0}, "7784-42-1 7732-18-5": {"name": "Arsine/Water", "A": 155.53, "B": -7768.67, "C": -19.17, "D": 0.0, "E": 0.0, "F": 0.0}, "75-15-0 7732-18-5": {"name": "Carbon Disulfide/Water", "A": 309.967, "B": -16517.9, "C": -41.48, "D": 0.0, "E": 0.0, "F": 0.0}, "463-58-1 7732-18-5": {"name": "Carbonyl Sulfide/Water", "A": 244.475, "B": -12481.0, "C": -32.16, "D": 0.0, "E": 0.0, "F": 0.0}, "7439-97-6 7732-18-5": {"name": "Mercury/Water", "A": 323.837, "B": -18492.3, "C": -42.84, "D": 0.0, "E": 0.0, "F": 0.0}, "7803-51-2 7732-18-5": {"name": "Phosphine/Water", "A": 167.142, "B": -8235.17, "C": -20.92, "D": 0.0, "E": 0.0, "F": 0.0}}}